acronym,nb total mentions throught different rows,nb total mentions in text,mentions in text,num_variations,variations,Total True,Total False,True/False
PAR,6,6,"[(0, 1), (50, 1), (75, 1), (103, 1), (117, 1), (159, 1)]",5,"{""Plan d'action régional"", 'Préposition ""par""', ""Poste d'aiguillage et de régulation : assure les commandes des installations de signalisation et la gestion de la circulation des huit lignes à grande vitesse"", ""PONT DE L'ARCHE"", ""Plan d'action régularité""}",6,8,"{0: {'True': 1, 'False': 3}, 50: {'True': 1, 'False': 3}, 75: {'True': 1, 'False': 4}, 103: {'True': 1, 'False': 3}, 117: {'True': 1, 'False': 3}, 159: {'True': 1, 'False': 3}}"
PN,21,25,"[(1, 1), (8, 1), (47, 1), (51, 1), (56, 1), (71, 1), (72, 1), (115, 4), (143, 1), (150, 1), (164, 1), (200, 1), (203, 1), (243, 1), (321, 1), (404, 1), (428, 1), (439, 1), (464, 2), (473, 1), (484, 1)]",7,"{'Paris Nord', 'Passage à Niveau', 'Passages à niveau : fichier des pn, recensement des accidents de pn, statistiques (infrastructure)', 'PONS', 'Période normale', 'Pousse non attelée', 'Partiellement noté'}",21,26,"{1: {'True': 1, 'False': 6}, 8: {'True': 1, 'False': 6}, 47: {'True': 1, 'False': 6}, 51: {'True': 2, 'False': 5}, 56: {'True': 2, 'False': 5}, 71: {'True': 1, 'False': 6}, 72: {'True': 1, 'False': 6}, 115: {'True': 1, 'False': 6}, 143: {'True': 1, 'False': 6}, 150: {'True': 1, 'False': 6}, 164: {'True': 1, 'False': 6}, 200: {'True': 2, 'False': 5}, 203: {'True': 0, 'False': 7}, 243: {'True': 1, 'False': 6}, 321: {'True': 1, 'False': 6}, 404: {'True': 1, 'False': 6}, 428: {'True': 0, 'False': 7}, 439: {'True': 1, 'False': 6}, 464: {'True': 2, 'False': 5}, 473: {'True': 1, 'False': 6}, 484: {'True': 1, 'False': 6}}"
EM,24,24,"[(2, 1), (13, 1), (25, 1), (43, 1), (65, 1), (70, 1), (86, 1), (87, 1), (88, 1), (95, 1), (101, 1), (113, 1), (122, 1), (151, 1), (173, 1), (178, 1), (187, 1), (196, 1), (208, 1), (262, 1), (293, 1), (348, 1), (420, 1), (426, 1)]",6,"{'électro-magnétique', 'État membre', 'EMERAINVILLE PONTAULT COMBAULT', 'Étude mécanique', 'Engin Moteur.   Terme général désignant tout véhicule ayant la propriété de se déplacer par ses propres moyens : machine, automoteur, élément automoteur, draisine, engin spécial motorisé non déraillable.', 'Emetteur'}",24,28,"{2: {'True': 1, 'False': 5}, 13: {'True': 1, 'False': 5}, 25: {'True': 1, 'False': 5}, 43: {'True': 1, 'False': 5}, 65: {'True': 1, 'False': 5}, 70: {'True': 1, 'False': 5}, 86: {'True': 1, 'False': 5}, 87: {'True': 1, 'False': 5}, 88: {'True': 1, 'False': 5}, 95: {'True': 1, 'False': 5}, 101: {'True': 1, 'False': 5}, 113: {'True': 1, 'False': 5}, 122: {'True': 1, 'False': 5}, 151: {'True': 1, 'False': 5}, 173: {'True': 1, 'False': 5}, 178: {'True': 1, 'False': 5}, 187: {'True': 1, 'False': 5}, 196: {'True': 1, 'False': 5}, 208: {'True': 1, 'False': 5}, 262: {'True': 1, 'False': 5}, 293: {'True': 1, 'False': 5}, 348: {'True': 1, 'False': 5}, 420: {'True': 1, 'False': 5}, 426: {'True': 1, 'False': 5}}"
AC,29,29,"[(3, 1), (20, 1), (26, 1), (73, 1), (76, 1), (98, 1), (111, 1), (125, 1), (126, 1), (132, 1), (142, 1), (157, 1), (161, 1), (165, 1), (177, 1), (205, 1), (214, 1), (228, 1), (236, 1), (282, 1), (288, 1), (305, 1), (326, 1), (327, 1), (357, 1), (398, 1), (418, 1), (463, 1), (476, 1)]",10,"{'Amélioration Continue', 'Accord Cadre', 'ACcès', ""Attestation de Compatibilité du matériel roulant à l'infrastructure"", 'Autorité de Certification  ', 'Agent du service Commercial  ', 'AURILLAC', 'Action Corrective', ""Agent d'aCcompagnement "", 'Agent Circulation  '}",28,38,"{3: {'True': 0, 'False': 10}, 20: {'True': 0, 'False': 10}, 26: {'True': 1, 'False': 9}, 73: {'True': 1, 'False': 9}, 76: {'True': 1, 'False': 9}, 98: {'True': 0, 'False': 10}, 111: {'True': 0, 'False': 10}, 125: {'True': 0, 'False': 10}, 126: {'True': 0, 'False': 10}, 132: {'True': 1, 'False': 9}, 142: {'True': 1, 'False': 9}, 157: {'True': 1, 'False': 9}, 161: {'True': 0, 'False': 10}, 165: {'True': 0, 'False': 10}, 177: {'True': 1, 'False': 9}, 205: {'True': 1, 'False': 9}, 214: {'True': 1, 'False': 9}, 228: {'True': 1, 'False': 9}, 236: {'True': 0, 'False': 10}, 282: {'True': 1, 'False': 9}, 288: {'True': 1, 'False': 9}, 305: {'True': 1, 'False': 9}, 326: {'True': 0, 'False': 10}, 327: {'True': 1, 'False': 9}, 357: {'True': 0, 'False': 10}, 398: {'True': 0, 'False': 10}, 418: {'True': 1, 'False': 9}, 463: {'True': 1, 'False': 9}, 476: {'True': 0, 'False': 10}}"
TIV,17,27,"[(4, 2), (17, 2), (57, 2), (94, 2), (97, 1), (114, 2), (152, 2), (170, 2), (247, 1), (268, 1), (350, 1), (373, 1), (387, 2), (451, 2), (452, 1), (462, 1), (483, 2)]",3,"{'THIVIERS', 'Tableau indicateur de vitesse', 'Trafic international voyageur'}",17,18,"{4: {'True': 1, 'False': 2}, 17: {'True': 1, 'False': 2}, 57: {'True': 1, 'False': 2}, 94: {'True': 1, 'False': 2}, 97: {'True': 1, 'False': 2}, 114: {'True': 0, 'False': 3}, 152: {'True': 1, 'False': 2}, 170: {'True': 1, 'False': 2}, 247: {'True': 1, 'False': 2}, 268: {'True': 1, 'False': 2}, 350: {'True': 1, 'False': 2}, 373: {'True': 1, 'False': 2}, 387: {'True': 1, 'False': 2}, 451: {'True': 1, 'False': 2}, 452: {'True': 1, 'False': 2}, 462: {'True': 1, 'False': 2}, 483: {'True': 1, 'False': 2}}"
RFF,21,21,"[(5, 1), (48, 1), (60, 1), (93, 1), (137, 1), (145, 1), (169, 1), (198, 1), (199, 1), (207, 1), (221, 1), (273, 1), (331, 1), (335, 1), (352, 1), (353, 1), (371, 1), (388, 1), (442, 1), (455, 1), (488, 1)]",2,"{'ROSCOFF', 'Réseau férré de france'}",21,21,"{5: {'True': 1, 'False': 1}, 48: {'True': 1, 'False': 1}, 60: {'True': 1, 'False': 1}, 93: {'True': 1, 'False': 1}, 137: {'True': 1, 'False': 1}, 145: {'True': 1, 'False': 1}, 169: {'True': 1, 'False': 1}, 198: {'True': 1, 'False': 1}, 199: {'True': 1, 'False': 1}, 207: {'True': 1, 'False': 1}, 221: {'True': 1, 'False': 1}, 273: {'True': 1, 'False': 1}, 331: {'True': 1, 'False': 1}, 335: {'True': 1, 'False': 1}, 352: {'True': 1, 'False': 1}, 353: {'True': 1, 'False': 1}, 371: {'True': 1, 'False': 1}, 388: {'True': 1, 'False': 1}, 442: {'True': 1, 'False': 1}, 455: {'True': 1, 'False': 1}, 488: {'True': 1, 'False': 1}}"
DAAT,7,7,"[(6, 1), (232, 1), (276, 1), (283, 1), (313, 1), (325, 1), (485, 1)]",2,"{'Diagnostique Amiante Avant Travaux', ""Dispositif d'Arrêt Automatique des Trains, contrôle de franchissement simplifié reposant sur une transmission sol-bord à l'aide de crocodiles et contribuant à la réduction du risque de nez à nez.  Le DAAT est installé sur les lignes à une seule voie non électrifiées.""}",7,7,"{6: {'True': 1, 'False': 1}, 232: {'True': 1, 'False': 1}, 276: {'True': 1, 'False': 1}, 283: {'True': 1, 'False': 1}, 313: {'True': 1, 'False': 1}, 325: {'True': 1, 'False': 1}, 485: {'True': 1, 'False': 1}}"
GID,18,18,"[(7, 1), (14, 1), (79, 1), (89, 1), (144, 1), (149, 1), (156, 1), (202, 1), (242, 1), (250, 1), (264, 1), (267, 1), (298, 1), (329, 1), (405, 1), (415, 1), (430, 1), (445, 1)]",2,"{'GIRONDE', ""Gestionnaire d'Infrastructure Délégué :   Organisme, mentionné à l'article 9 du décret 2006-1279 modifié, chargé de la gestion du trafic et des circulations ainsi que du fonctionnement et de l'entretien des installations de sécurité et, le cas échéant, des installations techniques du réseau ferré national.""}",18,18,"{7: {'True': 1, 'False': 1}, 14: {'True': 1, 'False': 1}, 79: {'True': 1, 'False': 1}, 89: {'True': 1, 'False': 1}, 144: {'True': 1, 'False': 1}, 149: {'True': 1, 'False': 1}, 156: {'True': 1, 'False': 1}, 202: {'True': 1, 'False': 1}, 242: {'True': 1, 'False': 1}, 250: {'True': 1, 'False': 1}, 264: {'True': 1, 'False': 1}, 267: {'True': 1, 'False': 1}, 298: {'True': 1, 'False': 1}, 329: {'True': 1, 'False': 1}, 405: {'True': 1, 'False': 1}, 415: {'True': 1, 'False': 1}, 430: {'True': 1, 'False': 1}, 445: {'True': 1, 'False': 1}}"
US,24,28,"[(9, 1), (11, 1), (74, 1), (99, 1), (129, 1), (147, 1), (168, 1), (180, 1), (183, 1), (192, 1), (204, 1), (230, 2), (272, 1), (274, 1), (285, 1), (304, 1), (311, 2), (363, 2), (376, 1), (466, 1), (467, 1), (469, 2), (471, 1), (487, 1)]",4,"{'Unité simple : mode de traction utilisant un seul engin moteur (us tgv = 1 rame tgv - um tgv = 2 rames tgv)', 'Unité de signalisation', ""US (Val-d'Oise)"", 'Ultra Son'}",24,26,"{9: {'True': 1, 'False': 3}, 11: {'True': 1, 'False': 3}, 74: {'True': 1, 'False': 3}, 99: {'True': 1, 'False': 3}, 129: {'True': 1, 'False': 3}, 147: {'True': 1, 'False': 3}, 168: {'True': 1, 'False': 3}, 180: {'True': 1, 'False': 3}, 183: {'True': 1, 'False': 3}, 192: {'True': 1, 'False': 3}, 204: {'True': 1, 'False': 3}, 230: {'True': 1, 'False': 3}, 272: {'True': 1, 'False': 3}, 274: {'True': 1, 'False': 3}, 285: {'True': 1, 'False': 3}, 304: {'True': 1, 'False': 3}, 311: {'True': 1, 'False': 3}, 363: {'True': 1, 'False': 3}, 376: {'True': 1, 'False': 3}, 466: {'True': 1, 'False': 3}, 467: {'True': 1, 'False': 3}, 469: {'True': 1, 'False': 3}, 471: {'True': 1, 'False': 3}, 487: {'True': 1, 'False': 3}}"
RST,1,1,"[(10, 1)]",2,"{'Radio Sol-Train.  Liaison avec TD : dialogue sélectif avec un mécanicien  Liaison sans TD : dialogue entendu dans tout le canton', ""Registre de Sécurité Train : élément de la démonstration de la sécurité  en vue de l'obtention d'une autorisation de mise en circulation.""}",1,1,"{10: {'True': 1, 'False': 1}}"
CLE,33,33,"[(12, 1), (41, 1), (49, 1), (58, 1), (59, 1), (120, 1), (121, 1), (133, 1), (162, 1), (166, 1), (185, 1), (217, 1), (234, 1), (241, 1), (254, 1), (258, 1), (269, 1), (287, 1), (301, 1), (310, 1), (312, 1), (319, 1), (343, 1), (360, 1), (362, 1), (381, 1), (386, 1), (411, 1), (425, 1), (460, 1), (478, 1), (489, 1), (491, 1)]",2,"{""Consigne Locale d'Exploitation :  Le Service chargé de la gestion des circulations établit les Consignes Locales d'Exploitation (CLE) pour chaque gare, chantier ou établissement PL.  Elles servent de base pour l'élaboration des consignes et instructions opérationnelles des EF et du Service chargé de la gestion des circulations."", 'CLERMONT FERRAND'}",33,33,"{12: {'True': 1, 'False': 1}, 41: {'True': 1, 'False': 1}, 49: {'True': 1, 'False': 1}, 58: {'True': 1, 'False': 1}, 59: {'True': 1, 'False': 1}, 120: {'True': 1, 'False': 1}, 121: {'True': 1, 'False': 1}, 133: {'True': 1, 'False': 1}, 162: {'True': 1, 'False': 1}, 166: {'True': 1, 'False': 1}, 185: {'True': 1, 'False': 1}, 217: {'True': 1, 'False': 1}, 234: {'True': 1, 'False': 1}, 241: {'True': 1, 'False': 1}, 254: {'True': 1, 'False': 1}, 258: {'True': 1, 'False': 1}, 269: {'True': 1, 'False': 1}, 287: {'True': 1, 'False': 1}, 301: {'True': 1, 'False': 1}, 310: {'True': 1, 'False': 1}, 312: {'True': 1, 'False': 1}, 319: {'True': 1, 'False': 1}, 343: {'True': 1, 'False': 1}, 360: {'True': 1, 'False': 1}, 362: {'True': 1, 'False': 1}, 381: {'True': 1, 'False': 1}, 386: {'True': 1, 'False': 1}, 411: {'True': 1, 'False': 1}, 425: {'True': 1, 'False': 1}, 460: {'True': 1, 'False': 1}, 478: {'True': 1, 'False': 1}, 489: {'True': 1, 'False': 1}, 491: {'True': 1, 'False': 1}}"
SUD,1,1,"[(15, 1)]",4,"{'Surveillant dépôt', 'SAUMUR', 'point cardinal', 'Solidaires, unitaires, démocratiques ( syndicat )'}",1,3,"{15: {'True': 1, 'False': 3}}"
CSS,9,9,"[(16, 1), (62, 1), (186, 1), (222, 1), (239, 1), (251, 1), (256, 1), (421, 1), (470, 1)]",4,"{'Central Sous Station', 'CHALON SUR SAONE', 'Commande Standard Synchrone ', 'carte de sortie sécuritaire'}",9,11,"{16: {'True': 1, 'False': 3}, 62: {'True': 1, 'False': 3}, 186: {'True': 1, 'False': 3}, 222: {'True': 1, 'False': 3}, 239: {'True': 1, 'False': 3}, 251: {'True': 1, 'False': 3}, 256: {'True': 1, 'False': 3}, 421: {'True': 1, 'False': 3}, 470: {'True': 1, 'False': 3}}"
EF,42,49,"[(18, 2), (22, 1), (24, 1), (27, 1), (29, 1), (31, 1), (44, 1), (54, 1), (64, 2), (77, 2), (81, 1), (91, 1), (104, 2), (124, 1), (136, 1), (146, 1), (158, 2), (172, 1), (184, 1), (190, 1), (206, 1), (209, 1), (218, 2), (220, 1), (223, 1), (238, 1), (257, 1), (263, 1), (277, 1), (292, 1), (299, 1), (317, 1), (322, 1), (336, 1), (346, 1), (396, 1), (400, 1), (412, 1), (431, 1), (446, 1), (447, 2), (474, 1)]",6,"{'Etablissement flottant', 'Essai de Frein', 'Essai journalier (des freins)', 'Equipement fixe', 'Entreprise Ferroviaire :   Toute entreprise à statut privé ou public, qui a notamment obtenu une licence et un certificat de sécurité conformément à la législation applicable, fournissant des prestations de transport de marchandises ou de voyageurs par chemin de fer, la traction devant obligatoirement être assurée par cette entreprise . ce terme recouvre aussi les entreprises qui assurent uniquement la traction.', 'Escalier Fixe'}",42,46,"{18: {'True': 1, 'False': 5}, 22: {'True': 1, 'False': 5}, 24: {'True': 1, 'False': 5}, 27: {'True': 1, 'False': 5}, 29: {'True': 1, 'False': 5}, 31: {'True': 1, 'False': 5}, 44: {'True': 1, 'False': 5}, 54: {'True': 1, 'False': 5}, 64: {'True': 1, 'False': 5}, 77: {'True': 1, 'False': 5}, 81: {'True': 1, 'False': 5}, 91: {'True': 1, 'False': 5}, 104: {'True': 1, 'False': 5}, 124: {'True': 1, 'False': 5}, 136: {'True': 1, 'False': 5}, 146: {'True': 1, 'False': 5}, 158: {'True': 1, 'False': 5}, 172: {'True': 1, 'False': 5}, 184: {'True': 1, 'False': 5}, 190: {'True': 1, 'False': 5}, 206: {'True': 1, 'False': 5}, 209: {'True': 1, 'False': 5}, 218: {'True': 1, 'False': 5}, 220: {'True': 1, 'False': 5}, 223: {'True': 1, 'False': 5}, 238: {'True': 1, 'False': 5}, 257: {'True': 1, 'False': 5}, 263: {'True': 1, 'False': 5}, 277: {'True': 1, 'False': 5}, 292: {'True': 1, 'False': 5}, 299: {'True': 1, 'False': 5}, 317: {'True': 1, 'False': 5}, 322: {'True': 1, 'False': 5}, 336: {'True': 1, 'False': 5}, 346: {'True': 1, 'False': 5}, 396: {'True': 1, 'False': 5}, 400: {'True': 1, 'False': 5}, 412: {'True': 1, 'False': 5}, 431: {'True': 1, 'False': 5}, 446: {'True': 1, 'False': 5}, 447: {'True': 1, 'False': 5}, 474: {'True': 1, 'False': 5}}"
PK,1,4,"[(19, 4)]",2,"{'Plan de Contrôle', ""Point kilométrique : point de repère, matérialisé le long des voies ferrées, indiquant sa distance depuis un point d'origine pas obligatoirement sur la ligne (origine du chaînage\xa0: voir ci-dessus).""}",1,1,"{19: {'True': 1, 'False': 1}}"
BHR,11,11,"[(21, 1), (45, 1), (92, 1), (108, 1), (134, 1), (201, 1), (255, 1), (333, 1), (345, 1), (366, 1), (453, 1)]",3,"{'Bureau horaires régional', 'BLESLE', 'Base horaire régionale (alimentée par thor via harem - infrastructure)'}",11,12,"{21: {'True': 1, 'False': 2}, 45: {'True': 1, 'False': 2}, 92: {'True': 1, 'False': 2}, 108: {'True': 1, 'False': 2}, 134: {'True': 1, 'False': 2}, 201: {'True': 1, 'False': 2}, 255: {'True': 1, 'False': 2}, 333: {'True': 1, 'False': 2}, 345: {'True': 1, 'False': 2}, 366: {'True': 1, 'False': 2}, 453: {'True': 1, 'False': 2}}"
SLD,1,1,"[(23, 1)]",2,"{'Signal lumineux de départ', 'SALINDRES'}",1,1,"{23: {'True': 1, 'False': 1}}"
VO,2,2,"[(28, 1), (422, 1)]",3,"{'catégorie de document ', ""Valeur d'Objectif à atteindre lors de la construction d'une installation, la correction d'une anomalie classée en VA ou VI ou la régénération d'installation (maintenance voie et caténaire).    Les valeurs d'objectif constituent les intervalles de tolérance de réalisation des travaux de pose de voie neuve ou d'opération d'entretien programmés."", 'VOVES'}",2,3,"{28: {'True': 1, 'False': 2}, 422: {'True': 1, 'False': 1}}"
SE,6,6,"[(30, 1), (61, 1), (109, 1), (112, 1), (281, 1), (461, 1)]",7,"{'Service Electrique.  SEG : Service Electrique Général (HT/BT).  SES : Service Electrique Signalisation.   SET : Service Electrique Téléphonie.', 'Sous-ensemble', 'Soudure Electrique', 'SAINT ETIENNE CHATEAUCREUX', 'Secteur Elementaire', 'Sud Est : ces rames ont été radiées .', 'Signalisation Électrique'}",5,11,"{30: {'True': 0, 'False': 6}, 61: {'True': 1, 'False': 6}, 109: {'True': 0, 'False': 6}, 112: {'True': 0, 'False': 6}, 281: {'True': 1, 'False': 6}, 461: {'True': 0, 'False': 6}}"
TR,8,8,"[(32, 1), (83, 1), (175, 1), (182, 1), (212, 1), (341, 1), (395, 1), (448, 1)]",10,"{'TROYES', 'Température de référence', 'Téléphone régulateur', 'Translateur', 'Trafic et Exploitation', 'Transmission rigide', 'Transit', 'Tableau de roulement', 'filière Transports Routiers', 'Talonnable renversable'}",7,16,"{32: {'True': 0, 'False': 9}, 83: {'True': 0, 'False': 9}, 175: {'True': 0, 'False': 9}, 182: {'True': 0, 'False': 9}, 212: {'True': 0, 'False': 9}, 341: {'True': 0, 'False': 9}, 395: {'True': 1, 'False': 9}, 448: {'True': 1, 'False': 9}}"
BV,9,12,"[(33, 1), (67, 1), (127, 2), (171, 1), (252, 2), (286, 1), (302, 1), (308, 1), (427, 2)]",3,"{'Bureau de Vente', 'Bâtiment des Voyageurs : en langage courant, ce sont les gares.', 'Bassin Versant'}",9,10,"{33: {'True': 1, 'False': 2}, 67: {'True': 1, 'False': 2}, 127: {'True': 0, 'False': 3}, 171: {'True': 1, 'False': 2}, 252: {'True': 1, 'False': 2}, 286: {'True': 1, 'False': 2}, 302: {'True': 1, 'False': 2}, 308: {'True': 1, 'False': 2}, 427: {'True': 1, 'False': 2}}"
CCL,3,3,"[(34, 1), (294, 1), (309, 1)]",3,"{""Chef CircuLation : coordinateur-circulation d'un centre-circulation (infrastructure)"", 'Compte Client Local ', 'Commande Centralisée des Locomotives  '}",2,5,"{34: {'True': 0, 'False': 3}, 294: {'True': 1, 'False': 2}, 309: {'True': 0, 'False': 3}}"
RN,1,5,"[(35, 5)]",4,"{""Repos compensateur de nuit (régime autre que 132 repos en permanence ou sur un mois considéré). compteur crédité de 9 mn par heure ou fraction d'heure pour la période de 0h00 à 4h00"", 'ROUEN rive droite', 'Route national', 'Raccordement Nord'}",1,3,"{35: {'True': 1, 'False': 3}}"
EAS,18,18,"[(36, 1), (82, 1), (116, 1), (229, 1), (249, 1), (261, 1), (307, 1), (375, 1), (379, 1), (392, 1), (401, 1), (407, 1), (410, 1), (419, 1), (434, 1), (454, 1), (475, 1), (480, 1)]",2,"{'ETALANS', ""Équipement Agent Seul. Concrètement, pour qu'un train soit EAS, il faut que le matériel soit équipé : de moyens de surveillance lors d'arrêts en gare, de la commande de fermeture des portes, de la veille automatique (VA), de la radio sol-train (RST), de la sonorisation (annonces voyageurs), de la communication par interphonie en cas de signal d'alarme (SAI). Si toutes ces conditions sont réunies, le conducteur peut être le seul agent présent à bord du train.""}",18,18,"{36: {'True': 1, 'False': 1}, 82: {'True': 1, 'False': 1}, 116: {'True': 1, 'False': 1}, 229: {'True': 1, 'False': 1}, 249: {'True': 1, 'False': 1}, 261: {'True': 1, 'False': 1}, 307: {'True': 1, 'False': 1}, 375: {'True': 1, 'False': 1}, 379: {'True': 1, 'False': 1}, 392: {'True': 1, 'False': 1}, 401: {'True': 1, 'False': 1}, 407: {'True': 1, 'False': 1}, 410: {'True': 1, 'False': 1}, 419: {'True': 1, 'False': 1}, 434: {'True': 1, 'False': 1}, 454: {'True': 1, 'False': 1}, 475: {'True': 1, 'False': 1}, 480: {'True': 1, 'False': 1}}"
PSE,3,5,"[(37, 2), (303, 2), (479, 1)]",3,"{""Plan Sûreté d'Entreprise"", ""Plan de sauvegarde de l'emploi"", 'PONTOISE'}",2,5,"{37: {'True': 0, 'False': 3}, 303: {'True': 0, 'False': 3}, 479: {'True': 0, 'False': 3}}"
ET,2,2,"[(38, 1), (354, 1)]",9,"{'ETAIN', 'Pas un acronyme, ""et"" en majuscule', 'conj. ""ET""', 'En tension', 'Etablissement Traction', 'Embarquement TGV', 'En traitement', 'Entretien technique', 'Entrebaillement'}",2,8,"{38: {'True': 1, 'False': 7}, 354: {'True': 1, 'False': 7}}"
LGV,13,13,"[(39, 1), (78, 1), (107, 1), (130, 1), (188, 1), (296, 1), (330, 1), (349, 1), (378, 1), (390, 1), (393, 1), (432, 1), (477, 1)]",2,"{""Ligne à Grande Vitesse :  Ligne désignée comme telle dans la documentation d'exploitation, équipée d'une signalisation de cabine et sur laquelle la vitesse maximale autorisée est supérieure à 220 km/h. Est également désignée comme telle tout raccordement à une de ces lignes équipé d'une signalisation de cabine, quel que soit le taux de vitesse maximal autorisé."", 'LORRAINE TGV'}",13,13,"{39: {'True': 1, 'False': 1}, 78: {'True': 1, 'False': 1}, 107: {'True': 1, 'False': 1}, 130: {'True': 1, 'False': 1}, 188: {'True': 1, 'False': 1}, 296: {'True': 1, 'False': 1}, 330: {'True': 1, 'False': 1}, 349: {'True': 1, 'False': 1}, 378: {'True': 1, 'False': 1}, 390: {'True': 1, 'False': 1}, 393: {'True': 1, 'False': 1}, 432: {'True': 1, 'False': 1}, 477: {'True': 1, 'False': 1}}"
NG,9,12,"[(40, 1), (100, 1), (102, 1), (193, 4), (195, 1), (246, 1), (278, 1), (290, 1), (482, 1)]",4,"{'Non gardé', 'Notice générale', 'Nouvelle Génération', 'Référencement Réseau'}",9,11,"{40: {'True': 1, 'False': 3}, 100: {'True': 1, 'False': 2}, 102: {'True': 1, 'False': 2}, 193: {'True': 1, 'False': 2}, 195: {'True': 1, 'False': 2}, 246: {'True': 1, 'False': 2}, 278: {'True': 1, 'False': 2}, 290: {'True': 1, 'False': 2}, 482: {'True': 1, 'False': 2}}"
PL,15,18,"[(42, 1), (53, 1), (106, 1), (174, 1), (213, 2), (216, 1), (233, 1), (275, 1), (289, 1), (300, 1), (344, 2), (351, 1), (361, 1), (397, 2), (438, 1)]",2,"{""Pleine Ligne.     Établissement de Pleine Ligne : lieu spécialement aménagé pour le départ, l'arrêt, l'arrivée, le garage ou les manoeuvres des trains, normalement fermé au service de la circulation."", 'Panneaux lumineux'}",14,16,"{42: {'True': 0, 'False': 2}, 53: {'True': 1, 'False': 1}, 106: {'True': 0, 'False': 2}, 174: {'True': 1, 'False': 1}, 213: {'True': 0, 'False': 2}, 216: {'True': 1, 'False': 1}, 233: {'True': 0, 'False': 2}, 275: {'True': 0, 'False': 2}, 289: {'True': 1, 'False': 1}, 300: {'True': 1, 'False': 1}, 344: {'True': 1, 'False': 1}, 351: {'True': 1, 'False': 1}, 361: {'True': 0, 'False': 2}, 397: {'True': 0, 'False': 2}, 438: {'True': 1, 'False': 1}}"
CCT,3,3,"[(46, 1), (55, 1), (291, 1)]",7,"{'Carte contrôle compensation de température', 'Comité des choix technologiques (informatique)', 'Chef Circulation Triage', 'Commande Centralisée des Trains', 'Cessation Concertée du Travail', 'CERCOTTES', 'Commande Centralisée du Trafic.'}",3,8,"{46: {'True': 1, 'False': 6}, 55: {'True': 1, 'False': 5}, 291: {'True': 1, 'False': 5}}"
AGC,37,37,"[(52, 1), (105, 1), (110, 1), (139, 1), (141, 1), (153, 1), (210, 1), (215, 1), (237, 1), (253, 1), (265, 1), (266, 1), (279, 1), (280, 1), (314, 1), (315, 1), (323, 1), (328, 1), (332, 1), (334, 1), (338, 1), (339, 1), (356, 1), (358, 1), (364, 1), (380, 1), (383, 1), (403, 1), (424, 1), (435, 1), (440, 1), (443, 1), (444, 1), (449, 1), (458, 1), (472, 1), (481, 1)]",4,"{'Accord européen sur les Grandes lignes de Chemin de fer du 31 mai 1985', 'ARGENTON SUR CREUSE', 'Autorail Grande Capacité  ', ""<span style='font-size:11.0pt'><span>Automoteur de Grande Capacité, construit par Bombardier. Famille d'automoteurs articulés de la SNCF dédiée au trafic TER et apte à 160 km/h. Cette famille est composée de 4 séries : - XGC : X 76500, version thermique (diesel) - ZGC : Z 27500, version électrique bi-tension (1,5 kV continu, 25 kV alternatif) - BGC : B 81500, version bi-mode (thermique et électrique 1,5 kV continu) - Bibi ou BBGC : B 82500, version bi-mode (thermique et électrique) et bi-tension (1,5 kV continu, 25 kV alternatif).</span></span>""}",37,39,"{52: {'True': 1, 'False': 3}, 105: {'True': 1, 'False': 3}, 110: {'True': 1, 'False': 3}, 139: {'True': 1, 'False': 3}, 141: {'True': 0, 'False': 4}, 153: {'True': 1, 'False': 3}, 210: {'True': 1, 'False': 3}, 215: {'True': 1, 'False': 3}, 237: {'True': 1, 'False': 3}, 253: {'True': 1, 'False': 3}, 265: {'True': 1, 'False': 3}, 266: {'True': 1, 'False': 3}, 279: {'True': 1, 'False': 3}, 280: {'True': 1, 'False': 3}, 314: {'True': 1, 'False': 3}, 315: {'True': 1, 'False': 3}, 323: {'True': 1, 'False': 3}, 328: {'True': 1, 'False': 3}, 332: {'True': 1, 'False': 3}, 334: {'True': 1, 'False': 3}, 338: {'True': 1, 'False': 3}, 339: {'True': 1, 'False': 3}, 356: {'True': 1, 'False': 3}, 358: {'True': 1, 'False': 3}, 364: {'True': 1, 'False': 3}, 380: {'True': 1, 'False': 3}, 383: {'True': 1, 'False': 3}, 403: {'True': 1, 'False': 3}, 424: {'True': 1, 'False': 3}, 435: {'True': 1, 'False': 3}, 440: {'True': 2, 'False': 2}, 443: {'True': 1, 'False': 3}, 444: {'True': 1, 'False': 3}, 449: {'True': 1, 'False': 3}, 458: {'True': 1, 'False': 3}, 472: {'True': 1, 'False': 3}, 481: {'True': 1, 'False': 3}}"
OP,1,2,"[(63, 2)]",3,"{'Opérateur de production', ""OPposable.  Un texte OPposable est un document qui impose des exigences, des règles, des prescriptions, des manières de faire,...  et qui doit être appliqué par les entreprises ferroviaires autorisées à exploiter tout ou partie du réseau ferré national en ce qui concerne la France. Un texte opposable est un texte qui, en cas de problème, pourrait être opposé à celui qui aurait dû en appliquer les prescriptions.     Les obligations réglementaires, issues du décret nḞ2006-1279 et de l'arrêté du 23 juin 2003 modifié par l'arrêté du 7 novembre 2006 et de l'arrêté réglementation global du...., relatives à la sécurité de l'exploitation sur le RFN, applicables par l'ensemble des entreprises ferroviaires autorisées, ont conduit à créer une nature de texte dite  texte opposable afin de pouvoir aisément isoler cette documentation. Cette documentation dite opposable applicable par toutes les entreprises ferroviaires et le GID. "", ""Ordre de production : commande de constituant(s) ou d'ensemble(s) passée par un client interne SNCF dans l'ERP ''ÉLAN''vers des fournisseurs internes (EIV, par exemple) dans le système de GPAO ''VÉGA''.""}",1,2,"{63: {'True': 1, 'False': 2}}"
DT,11,13,"[(66, 1), (96, 1), (131, 1), (231, 1), (235, 1), (306, 1), (318, 1), (372, 1), (377, 1), (391, 3), (450, 1)]",5,"{'Déclaration de Travaux faite pour recenser les réseaux à proximité des travaux à réaliser.    Voir glossaire du guide de management des projets (p.202)', ""Double Traction :  Mode de traction d'une circulation par deux machines placées en tête, chaque machine est commandée par un conducteur."", 'Disposition technique', 'Détonateur', 'Direction Territoriale  ou Directeur Territorial'}",11,14,"{66: {'True': 1, 'False': 4}, 96: {'True': 1, 'False': 4}, 131: {'True': 1, 'False': 4}, 231: {'True': 1, 'False': 4}, 235: {'True': 1, 'False': 4}, 306: {'True': 1, 'False': 4}, 318: {'True': 1, 'False': 4}, 372: {'True': 1, 'False': 4}, 377: {'True': 0, 'False': 5}, 391: {'True': 1, 'False': 4}, 450: {'True': 1, 'False': 4}}"
DE,10,16,"[(68, 1), (84, 2), (154, 1), (181, 1), (245, 1), (270, 1), (359, 5), (389, 1), (399, 1), (465, 2)]",9,"{'RACCORDEMENT de  FOLLIGNY OUEST ', ""Données d'entrée."", 'Desarmement', 'Dossier Estimatif.', 'DIEPPE', ""Détecteur d'Éboulements.  Dispositif relié à des filets en zone de danger d'éboulement, permettant d'avertir le personnel de l'établissement correspondant lors d'un éboulement sur la ligne."", ""Demande d'essai"", 'article ""de""', 'Pas un acronyme, ""de"" en majuscule'}",9,15,"{68: {'True': 0, 'False': 6}, 84: {'True': 1, 'False': 6}, 154: {'True': 1, 'False': 6}, 181: {'True': 1, 'False': 6}, 245: {'True': 0, 'False': 6}, 270: {'True': 0, 'False': 6}, 359: {'True': 1, 'False': 5}, 389: {'True': 1, 'False': 5}, 399: {'True': 1, 'False': 5}, 465: {'True': 1, 'False': 6}}"
RGP,1,1,"[(69, 1)]",4,"{'Relation à grand parcours', 'Relation grand parcours', 'ROUGEMONT CHANTELOUP', 'Éléments automoteurs diesel type relation grand parcours'}",1,3,"{69: {'True': 1, 'False': 3}}"
IN,1,1,"[(80, 1)]",4,"{'Intermédiaire', 'Indemnité horaire de nuit', 'IRUN', 'Infrastructure'}",1,3,"{80: {'True': 1, 'False': 3}}"
VT,1,1,"[(85, 1)]",6,"{'Vérifications techniques', 'Voie de transmission', 'Journée chômée supplémentaire pour les agents travaillant à temps partiel', 'VenTilateur', 'Visite technique (matériel)', 'VERTOU'}",0,6,"{85: {'True': 0, 'False': 6}}"
EP,6,10,"[(90, 2), (194, 1), (240, 2), (340, 2), (413, 1), (417, 2)]",11,"{""Entretien Professionnel :   Il constitue un moment clé d'échange, consacré aux perspectives d'évolution professionnelle, notamment en termes de qualification et d'emploi. Il permet de faire le point sur les acquis des formations déjà suivies et d'identifier les besoins de développement des compétences du salarié. C'est une obligation légale. Il est préconisé de le réaliser au moment de l'entretien individuel d'appréciation (EIA) ou du rendez-vous professionnel individuel annuel (RPIA)."", 'Équipe-projet', 'Exercice pratique', 'Embranchement particulier', 'Empreinte de patinage', 'Enclenchement de proximité', 'Etablissement public', 'Échange Prenant', 'Etude Préliminaire', 'Enquête publique', 'canalisation des Eaux Pluviales'}",6,15,"{90: {'True': 1, 'False': 10}, 194: {'True': 1, 'False': 10}, 240: {'True': 1, 'False': 10}, 340: {'True': 0, 'False': 11}, 413: {'True': 1, 'False': 10}, 417: {'True': 1, 'False': 10}}"
CRC,2,2,"[(118, 1), (219, 1)]",6,"{'Centre de relations clientèle', 'Compte Rendu de Caisse', ""Contrôle de Redondance Cyclique ou Cyclical Redundancy Check :  système de calcul garantissant l'intégrité des données transmises ( vérification de parité)"", 'Coordonnateur Régional des Circulations', 'CERENCES', 'Centre régional de conduite'}",2,6,"{118: {'True': 1, 'False': 5}, 219: {'True': 1, 'False': 5}}"
ZI,1,1,"[(119, 1)]",2,"{'Zone isolée', 'Zone inondable'}",0,2,"{119: {'True': 0, 'False': 2}}"
SAL,8,17,"[(123, 1), (148, 1), (211, 1), (225, 10), (284, 1), (324, 1), (406, 1), (429, 1)]",2,"{""Signal d'Alerte Lumineux. C'est le clignotement des projecteurs d'un train, indiquant aux circulations circulant dans l'autre sens d'un éventuel danger immédiat. Le SAL ordonne à tous les conducteurs l'apercevant de s'arrêter d'urgence."", 'SALBRIS'}",8,8,"{123: {'True': 1, 'False': 1}, 148: {'True': 0, 'False': 2}, 211: {'True': 1, 'False': 1}, 225: {'True': 0, 'False': 2}, 284: {'True': 1, 'False': 1}, 324: {'True': 0, 'False': 2}, 406: {'True': 0, 'False': 2}, 429: {'True': 1, 'False': 1}}"
IP,2,2,"[(128, 1), (244, 1)]",4,"{'Interrupteur de pontage', 'Industrie privée', 'Identification Potentiel', 'Insuffisance de Perception'}",1,5,"{128: {'True': 0, 'False': 4}, 244: {'True': 0, 'False': 4}}"
DC,1,1,"[(135, 1)]",8,"{'Double Champignon (rail)', 'Département Comptable', 'Documents Conformes', 'Décondamnation', ""Droit de Circulation (redevance d'infrastructure) : calculé sur la base des unités d'oeuvre de BTBU (sillons réels). S'applique à toute circulation (train, évolution et manoeuvre) sur les VP du RFN (sauf circulation pour le compte du GI). Il est égal au produit de la distance parcourue par un prix kilométrique de la catégorie de circulation (HLP, fret, autre) en y intégrant les ESD (entrées, sorties dépôt) et les MCR (manoeuvres en cours de route) décomptées pour 1/3 sur les VP et pour 2/3 sur les VS (voir DA, DRS, DRAG,RCE)"", 'DANNES CAMIERS', 'Dossier Client', 'Dossier de contrôle'}",0,8,"{135: {'True': 0, 'False': 8}}"
MP,1,1,"[(138, 1)]",4,"{'MASSY PALAISEAU', 'Matériel pneumatique', 'Maintenance préventive', ""Marche prudente : l'obligation de marcher avec prudence . impose au conducteur de franchir une partie de voie délimitée en réduisant sa vitesse compte tenu du motif qui lui a été indiqué.""}",0,4,"{138: {'True': 0, 'False': 4}}"
SGC,5,5,"[(140, 1), (163, 1), (367, 1), (385, 1), (436, 1)]",5,"{'Système de gestion des circulations', 'Service chargé de la Gestion des Circulations', 'Service de gestion des circulations ', 'SAINT GEORGES DE COMMIERS', 'Système de gestion de contenu'}",4,6,"{140: {'True': 0, 'False': 2}, 163: {'True': 0, 'False': 2}, 367: {'True': 1, 'False': 2}, 385: {'True': 1, 'False': 2}, 436: {'True': 1, 'False': 2}}"
VL,2,7,"[(155, 3), (226, 4)]",4,"{'Visite Limitée', 'VENIZEL', 'Vitesse Limite', 'Voie libre ( feu vert )'}",2,4,"{155: {'True': 1, 'False': 3}, 226: {'True': 1, 'False': 3}}"
MA,2,5,"[(160, 3), (394, 2)]",5,"{'Manuel / automatique', 'Maladie', 'Maintenance et appui', 'movement authority', 'Marche arrêt'}",1,6,"{160: {'True': 0, 'False': 5}, 394: {'True': 0, 'False': 5}}"
BAL,2,2,"[(167, 1), (260, 1)]",4,"{'Block Automatique Lumineux', 'Boîte aux lettres', 'BALE', ""Block Automatique Lumineux : signalisation latérale pour la gestion et la régulation des circulations ferroviaires.  Le cantonnement ou l'espacement  des trains s'effectue de manière automatique, sans intervention humaine (sauf pour les points de bifurcation ou zones d'aiguillages). C'est le type de cantonnement utilisé sur toute la ligne D. Il présente un double avantage : offre un niveau élevé de sécurité et un débit ferroviaire important. L'inconvénient de ce type d'espacement est qu'il est très coûteux (nombre de signaux).""}",3,3,"{167: {'True': 2, 'False': 2}, 260: {'True': 2, 'False': 2}}"
DRI,2,2,"[(176, 1), (271, 1)]",3,"{'Dirigeant Régional Infrastucture en poste 7/7 24/24 pour assurer la gestion de crise régionale en lien avec le DRC (Circulations) et le DRO (Opérations).', 'DIEMERINGEN', 'Direction régionale infrastructure'}",1,4,"{176: {'True': 0, 'False': 3}, 271: {'True': 0, 'False': 3}}"
PSL,2,3,"[(179, 2), (248, 1)]",2,"{'Poste de secours local', 'PARIS ST LAZARE'}",2,2,"{179: {'True': 1, 'False': 1}, 248: {'True': 1, 'False': 1}}"
TLC,1,1,"[(189, 1)]",2,"{'Tableau lumineux de correspondance pour voies convergentes', 'Tableau lumineux pour voies convergentes'}",2,0,"{189: {'True': 2, 'False': 0}}"
BB,1,6,"[(191, 6)]",3,"{'BLANGY SUR BRESLE', '2 essieux moteur par bogie', 'Battement à Blanc'}",0,3,"{191: {'True': 0, 'False': 3}}"
BFC,1,1,"[(197, 1)]",2,"{'Bouton de Franchissement de signal Carré - bouton présent sur le KVB en cabine de conduite ', 'Budget de Fonctionnement Courant  '}",0,2,"{197: {'True': 0, 'False': 2}}"
PLM,3,3,"[(224, 1), (227, 1), (459, 1)]",5,"{""Nom d'une ancienne compagnie ferroviaire française, la compagnie des chemins de fer de paris à lyon et à la méditerranée."", 'Ligne Paris-Lyon-Marseille (Paris-Lyon-Méditerranée)', 'PARAY LE MONIAL', 'Pôle locatif meublés', ""Product Lifecycle Management.Le PLM est l'extension du PDM (Product Data Management, circonscrit au périmètre de&nbsp;l'Ingénierie) à toute la chaine de gestion du cycle de vie du Produit, depuis la spécification des exigences jusqu'à la fin de vie, en passant par la maitrise de la définition du Matériel et les nécessités du MCO (Maintien en Conditions Opérationnelles) : Mise en service, Maintenance, Réparation, Approvisionnements, Achats...""}",3,6,"{224: {'True': 1, 'False': 4}, 227: {'True': 1, 'False': 4}, 459: {'True': 1, 'False': 4}}"
OA,1,3,"[(259, 3)]",2,"{""Ouvrage d'art (liste des oa, calcul des points oa, statistiques)"", 'Opération Accidentelle'}",0,2,"{259: {'True': 0, 'False': 2}}"
RSS,4,4,"[(295, 1), (337, 1), (365, 1), (402, 1)]",3,"{""Régulateur Sous Stations : Agent chargé à partir d'un central sous-stations de l'exploitation des installations électriques de sa zone d'action."", 'ROSNY SUR SEINE', 'radio et système de surface'}",4,5,"{295: {'True': 1, 'False': 2}, 337: {'True': 1, 'False': 2}, 365: {'True': 1, 'False': 2}, 402: {'True': 1, 'False': 2}}"
PCD,2,2,"[(297, 1), (441, 1)]",3,"{'Potentiel Cadre Dirigeant', ""Protection de courte durée : méthode de protection des opérations engageant fugitivement le gabarit d'une voie à l'occasion des travaux de maintenance de l'infrastructure"", 'poste de commande à distance'}",2,3,"{297: {'True': 1, 'False': 2}, 441: {'True': 1, 'False': 2}}"
RD,1,1,"[(316, 1)]",7,"{'Refonte de desserte', 'Rennes Dépôt', ""Ensemble de 2 ou 3 repos périodiques accolés au cours d'une année"", 'Route départemental', 'Redresseur', 'Remiseur/dégareur', 'Rouen Rive Droite '}",1,6,"{316: {'True': 1, 'False': 6}}"
IV,1,1,"[(320, 1)]",6,"{'Inverse', 'Inspection Visuelle entre chaque train', 'IVRY SUR SEINE', ""Direction de l'equipement"", 'Information Voyageur', 'Pas un acronyme : chiffre 4 en chiffre romain'}",1,5,"{320: {'True': 1, 'False': 5}}"
LM,1,1,"[(342, 1)]",2,"{'limite de manoeuvre', 'LE MANS'}",1,1,"{342: {'True': 1, 'False': 1}}"
TM,2,2,"[(347, 1), (382, 1)]",8,"{'Total maximal', 'Traverse Métallique', ""Ticket modérateur : part des frais qui, en fonction du taux de remboursement applicable au bénéficiaire de soins, n'est pas remboursé"", 'Technicentre de Maintenance', ""Transport Massif.  Envoi dont le tonnage et / ou le nombre de wagons déterminent des conditions d'acceptation et d'acheminement spécifiques."", 'Train de Machines', 'filière Transport-Mouvement', 'Tablier métallique'}",2,8,"{347: {'True': 1, 'False': 7}, 382: {'True': 1, 'False': 7}}"
RC,2,2,"[(355, 1), (486, 1)]",13,"{'Raccordement Circulaire', 'Repos compensateur', 'ROCHEFORT', 'Résistance de continuité', 'Remise en Conformité', 'Retour chantier ', 'Référencement Réseau', 'Roue codeuse', 'Redevance de circulation', 'Renfort Clientèle', 'Rédacteur Consigne', 'Responsabilité civile', 'Réservoir de Commande'}",1,13,"{355: {'True': 0, 'False': 12}, 486: {'True': 1, 'False': 12}}"
TT,1,1,"[(368, 1)]",9,"{'Transport Traction', 'Transmetteur', 'Transformateur de tension', ""schéma de neutre TT (neutre de l'installation et masses reliés à la Terre)  "", ""Tram Train :  Véhicule doté d'installations motrices, aménagé pour le transport de voyageurs, dont la source d'énergie est l'électricité et conçu pour circuler sur les voies du réseau ferré national et sur les voies urbaines empruntées par des tramways."", ""Tête des Trains. Pancarte carrée avec l'inscription  TT  en blanc sur fond noir. Signifie que, quelle que soit la longueur du train, celui-ci s'arrêtera systématiquement au bout du quai. En l'absence de pancarte TT, d'autres pancartes indiquent l'arret des trains selon leur longueur (nombre de voitures)"", 'TRICOT', 'TéléTravail', ""Terminal Technique (outil d'aide à la maintenance PAI)""}",0,9,"{368: {'True': 0, 'False': 9}}"
MG,2,2,"[(369, 1), (408, 1)]",3,"{'Mesure générale', 'Voie MG :dénomination de la voie ', 'MOYEUVRE GRANDE'}",2,3,"{369: {'True': 1, 'False': 2}, 408: {'True': 1, 'False': 2}}"
ST,1,1,"[(370, 1)]",7,"{'Stationnement', 'SAILLAT CHASSENON', 'Spécifications techniques', 'Service Telecom', 'Sous-traitant', 'Sectionneur de Terre', 'Service Terminé (Z FP-ST).    Commutateur ḋ Fermeture Porte Service Terminé Ṡ'}",1,6,"{370: {'True': 1, 'False': 6}}"
STD,1,1,"[(374, 1)]",2,"{'Système de Transmission de Données', 'Semaine Type Détaillée'}",0,2,"{374: {'True': 0, 'False': 2}}"
GC,1,1,"[(384, 1)]",4,"{'Génie Civil', 'Grande Ceinture', 'Grand centre', ""Graphique de circulation : représentation sur deux axes, espace et temps, de l'utilisation de la capacité d'une ligne ferroviaire (se traduisant à la fois par des sillons et par des plages de maintenance). en suisse le terme utilisé est horaire graphique.""}",1,3,"{384: {'True': 1, 'False': 3}}"
PRG,1,1,"[(409, 1)]",3,"{'PREIGNAC', ""Poste d'aiguillage tous relais géographique à câblage standard. capacité de 30 à 100 itin. pas de gestion des protections mais coût très < à prci ou pai. télécommandable mais par un autre prg (homogénéité système). enregistrement limité à 24 itinéraires par zone commandée"", 'Paris rive gauche'}",1,2,"{409: {'True': 1, 'False': 2}}"
ATO,1,1,"[(414, 1)]",4,"{""Automatic Train Opération. C'est-à-dire le pilotage automatique."", 'Avis de Travaux Occasionnels  ', 'Automatic Train Operation', 'EP ATO'}",2,2,"{414: {'True': 2, 'False': 2}}"
TIP,1,1,"[(416, 1)]",2,"{""Techniques d'Intervention Professionnelle (cellule)"", 'Tableau lumineux indicateur de provenance'}",1,1,"{416: {'True': 1, 'False': 1}}"
VU,1,1,"[(423, 1)]",2,"{'Voiture à compartiment', ""Voie unique: régime d'exploitation d'une ligne dans lequel les trains des deux sens circulent sur la même voie, les mesures à prendre pour éviter la rencontre de deux trains de sens contraire étant définies par les règlements ou par une consigne. sur ce type de ligne, les trains de sens impair sont ceux qui s'éloignent du point kilométrique d'origine de celle-ci, tandis que les trains de sens pair sont ceux qui s'en rapprochent.""}",1,1,"{423: {'True': 1, 'False': 1}}"
CG,1,1,"[(433, 1)]",5,"{'Chef de Groupe', 'Contrôle de Gare (bouclage)', 'CHAMPAGNE', 'Calage', ""Conduite Générale (du frein à air d'un train).  Il s'agit de la ligne de commande du freinage dans le système de frein pneumatique.""}",1,4,"{433: {'True': 1, 'False': 4}}"
LV,1,1,"[(437, 1)]",2,"{'LYON VAISE', 'Ligne de voie'}",1,1,"{437: {'True': 1, 'False': 1}}"
PAI,1,1,"[(456, 1)]",4,"{'Permanent Acheminement Infra', 'Provision pour aléas et incertitudes : dans un budget prévisionnel de projet', 'PASILLY PRS 17', ""Poste d'aiguillage informatisé : la saisie de la commande, l'ordre d'exécution pour les installations de voie et les enclenchements sont informatisés. la transmission des ordres entre le poste et les installations en campagne se fait, non plus par liaison en cuivre mais, par fibre optique. le pai est adapté du ssi (solid state interlocking - enclenchements à base de circuits intégrés) développé en 1985 par gec pour les br. un pai est constitué de 4 niveaux : n0 : mintex + mckt, n1 : armoires d'enclenchements + armoire technique (pc industriel, enregistreur à bande magnétique, imprimante, clavier, souris, écran, modem), n2 : modules en campagne (mc : mcs, signaux - mca, aiguilles - mces, entrées-sorties), n3 : installations de la voie (signaux, aiguilles, crocodiles, détonateurs, circuits de voie...) (voir edlm, odlm)""}",1,3,"{456: {'True': 1, 'False': 3}}"
STI,1,1,"[(457, 1)]",6,"{'Subdivision terminale intérieur', ""Spécifications Techniques d'Interface : ce sont des normes que doivent respecter les équipements terminaux pour pouvoir se connecter au réseau d'un opérateur dans l'industrie des télécommunications."", 'système de transport intelligent', ""Spécifications techniques d'interopérabilité"", ""Spécifications Techniques d'Interopérabilité (des trains) :  Spécifications que chaque sous-système ou, le cas échéant, partie de sous-système, et ses constituants doivent respecter pour satisfaire aux exigences essentielles reprises en annexe du décret nḞ2006-1279 . les spécifications techniques d'interopérabilité, fixées au niveau communautaire, sont publiées au Journal officiel de l'Union européenne."", 'STAINS'}",1,5,"{457: {'True': 1, 'False': 5}}"
DU,1,1,"[(468, 1)]",7,"{""Dirigeant d'unité"", ""Diagramme d'Utilisation"", 'Pas un acronyme, c\'est du = de le : ""Du km… au km…""', 'Document unique', 'DUGNY', ""Dispositif de coupure d'Urgence : dispositif de mise hors tension rapide d'un ensemble d'éléments de caténaire en cas d'incident ou d'accident."", 'Draisine Unifiée'}",1,6,"{468: {'True': 1, 'False': 6}}"
CMT,1,1,"[(490, 1)]",4,"{'Contrôle des Mobiles Travaux', 'Connaissance et maîtrise du territoire', 'CHAMP-ST-PÈRE', 'Contrat Multi Technique'}",0,4,"{490: {'True': 0, 'False': 4}}"
